{"_timestamp":1.7297125538350859e+09,"loss2_valid":0.001635961001738906,"loss_train":0.0026483580004423857,"_runtime":249.626002657,"_step":4999,"loss1_valid":0.0345241017639637,"_wandb":{"runtime":249},"loss_valid":0.038800694048404694,"loss3_valid":0.0026406326796859503}