{"_wandb":{"runtime":50},"_runtime":44.6397949,"loss3_valid":4.356585122877732e-05,"_step":936,"loss2_train":1.7847894923761487e-05,"loss1_valid":0.04159407317638397,"loss_train":0.01370866410434246,"loss2_valid":9.81996981863631e-06,"_timestamp":1.735450415102403e+09,"loss3_train":6.668760761385784e-05,"loss_valid":0.04164746031165123,"loss1_train":0.013624128885567188}