{"_runtime":2409.538674395,"loss_valid":0.0383373498916626,"_step":4999,"_wandb":{"runtime":2409},"loss2_valid":0.0008208728395402431,"loss_train":0.022869989275932312,"loss1_valid":0.02595353126525879,"loss3_valid":0.011562945321202278,"_timestamp":1.7297607839125109e+09}