{"_runtime":2438.633231591,"loss_train":0.000692347006406635,"loss_valid":0.062429144978523254,"_wandb":{"runtime":2438},"loss2_valid":0.0005326600512489676,"_timestamp":1.730224968037252e+09,"_step":9999,"loss1_valid":0.0595092847943306,"loss3_valid":0.0023872004821896553}