{"loss_valid":0.5803745985031128,"_timestamp":1.7273437535134351e+09,"_runtime":416.6199772,"_step":1999,"_wandb":{"runtime":416},"loss_train":0.07992932945489883}