{"loss1_train":0.011060699820518494,"loss3_valid":2.308955345142749e-06,"loss_train":0.01106848195195198,"loss3_train":4.200665443931939e-06,"loss1_valid":0.040142156183719635,"_step":19999,"loss2_valid":7.465649787263828e-07,"loss2_train":3.5823170492221834e-06,"loss_valid":0.040145210921764374,"_wandb":{"runtime":941},"_runtime":941.7601545,"_timestamp":1.7353990585770586e+09}