{"loss3_valid":0.002364849206060171,"loss_valid":0.07293868809938431,"loss1_valid":0.07042984664440155,"loss2_valid":0.00014399272913578898,"loss1_train":0.0006919066654518247,"loss2_train":6.505370492959628e-06,"_runtime":781.441006917,"loss_train":0.0007075841422192752,"_wandb":{"runtime":781},"loss3_train":9.172122190648224e-06,"_timestamp":1.7303973084494135e+09,"_step":4999}