{"loss_train":0.008591248653829098,"loss_valid":0.0547683984041214,"_timestamp":1.7284177728925858e+09,"_wandb":{"runtime":1081},"_runtime":1081.2055299,"_step":4999}