{"_step":4999,"loss_valid":0.03425361216068268,"_runtime":6734.018826166,"_wandb":{"runtime":6734},"_timestamp":1.7297073613625216e+09,"loss_train":0.01738925836980343,"loss1_valid":0.03354227915406227,"loss3_valid":0.0005296390154398978,"loss2_valid":0.00018169225950259715}