{"loss1_valid":0.0512862391769886,"loss3_valid":0.1106911301612854,"loss2_valid":0.006244511343538761,"loss_train":0.09001068770885468,"_step":4999,"_runtime":1026.23616,"_timestamp":1.729594948670522e+09,"loss_valid":0.1682218760251999,"_wandb":{"runtime":1026}}