{"loss3_valid":0.013137202709913254,"loss_train":0.005566400941461325,"_wandb":{"runtime":319},"_timestamp":1.7295216462844472e+09,"_runtime":319.0417413,"loss1_valid":0.03756222128868103,"loss2_valid":0.0022104785311967134,"_step":1999,"loss_valid":0.05290990322828293}