{"loss_train":0.007043870165944099,"_runtime":2539.447056717,"loss3_valid":0.0005551534704864025,"_wandb":{"runtime":2539},"loss2_valid":0.00046357017708942294,"_timestamp":1.7296063713625712e+09,"_step":9999,"loss_valid":0.036683689802885056,"loss1_valid":0.035664964467287064}