{"loss3_valid":0.00021614693105220795,"loss2_train":8.040736247494351e-06,"loss3_train":1.2146566405135673e-05,"_timestamp":1.7354019303384511e+09,"_wandb":{"runtime":892},"loss_valid":0.0411987230181694,"loss2_valid":1.8200686099589802e-05,"loss1_valid":0.04096437245607376,"loss1_train":0.0011799506610259414,"_runtime":892.2878888,"loss_train":0.0012001378927379847,"_step":19999}