{"loss_valid":0.037644438445568085,"_timestamp":1.7273700231943529e+09,"_runtime":669.1257554,"_step":4999,"_wandb":{"runtime":669},"loss_train":0.0055116149596869946}