{"_runtime":1963.6282127,"_wandb":{"runtime":1963},"_step":4999,"loss_train":0.002603034256026149,"loss_valid":0.042601726949214935,"_timestamp":1.7273809160937152e+09}