{"loss_train":0.007872835732996464,"loss_valid":0.03912344202399254,"_wandb":{"runtime":327},"_timestamp":1.7273669712790382e+09,"_runtime":327.9842775,"_step":1999}