{"loss_train":0.010149302892386913,"loss_valid":0.1343943178653717,"_timestamp":1.727356559463513e+09,"_runtime":478.2580417,"_wandb":{"runtime":478},"_step":1999}