{"_wandb":{"runtime":587},"_timestamp":1.730372110988376e+09,"_runtime":587.8615142,"loss_train":0.22610430419445038,"loss3_valid":0.6504684686660767,"loss1_train":0.009279025718569756,"_step":4999,"loss1_valid":0.020535891875624657,"loss_valid":0.6710081100463867,"loss2_train":1.2456406466299086e-06,"loss2_valid":3.735726522791083e-06,"loss3_train":0.21682403981685638}