{"loss_valid":0.03753228113055229,"loss3_train":3.572482455638237e-05,"loss2_valid":1.115832583309384e-05,"loss3_valid":1.943553979799617e-05,"_step":1999,"loss_train":0.006653925403952599,"loss1_valid":0.03750168904662132,"_wandb":{"runtime":183},"loss1_train":0.006594255566596985,"loss2_train":2.394538387306966e-05,"_runtime":183.3730105,"_timestamp":1.7353735211908057e+09}