{"_wandb":{"runtime":559},"_step":2999,"loss3_valid":0.0018665854586288333,"_timestamp":1.7292581434559312e+09,"loss2_valid":0.0038236058317124844,"loss_train":0.003959472756832838,"loss1_valid":0.05012931302189827,"_runtime":559.6522959,"loss_valid":0.05581950396299362}