{"_timestamp":1.727712344611061e+09,"_runtime":1064.7925454,"_step":4999,"loss_train":0.0047838399186730385,"loss_valid":0.04891945794224739,"_wandb":{"runtime":1064}}