{"loss1_train":0.01206755731254816,"loss3_train":4.783520853379741e-05,"loss_train":0.01217502262443304,"loss_valid":0.04194028675556183,"loss1_valid":0.04153680428862572,"loss2_valid":0.0002518206601962447,"_wandb":{"runtime":926},"_runtime":926.824530219,"_timestamp":1.7303960676943088e+09,"_step":4999,"loss3_valid":0.00015165889635682106,"loss2_train":5.962967043160461e-05}