{"loss2_valid":0.0004254984378349036,"_step":3999,"loss1_valid":0.04800326004624367,"loss3_valid":0.0024800244718790054,"_runtime":668.7566004,"loss_train":0.0009822060819715261,"_wandb":{"runtime":668},"_timestamp":1.7294506739108e+09,"loss_valid":0.050908781588077545}