{"_wandb":{"runtime":117},"loss3_valid":0.3001481294631958,"loss1_valid":0.8661620616912842,"_timestamp":1.730288368215473e+09,"loss_valid":1.170933723449707,"_runtime":117.0768091,"loss_train":0.10435474663972855,"loss2_valid":0.004623577930033207,"_step":999}