{"_wandb":{"runtime":411},"loss2_valid":4.470574822335038e-06,"_timestamp":1.730718316577578e+09,"loss_train":0.013869069516658783,"_runtime":411.4497417,"loss1_train":0.01380112674087286,"loss_valid":0.025127192959189415,"loss1_valid":0.0249981377273798,"loss3_train":6.602186476811767e-05,"_step":2999,"loss3_valid":0.00012458489800337702,"loss2_train":1.9210842765460256e-06}