{"loss1_train":0.003874393180012703,"loss2_valid":3.961406491725938e-06,"loss_train":0.003891570493578911,"loss3_valid":9.370332008984406e-06,"loss2_train":8.127881301334128e-06,"_timestamp":1.735393434540351e+09,"_wandb":{"runtime":472},"loss_valid":0.041186217218637466,"_step":9999,"_runtime":472.0521931,"loss3_train":9.04949956748169e-06,"loss1_valid":0.04117288812994957}