{"_runtime":1066.6955243,"_wandb":{"runtime":1066},"_timestamp":1.7284891311179626e+09,"loss1_valid":0.033801447600126266,"loss3_valid":0.002408963395282626,"_step":4999,"loss_train":0.0059802900068461895,"loss_valid":0.04592306911945343,"loss2_valid":0.009712659753859043}