{"loss_train":0.0016214137431234121,"loss_valid":0.07218869775533676,"_timestamp":1.7284009557826176e+09,"_runtime":1089.3933106,"_step":4999,"_wandb":{"runtime":1089}}