{"loss_train":0.0023538179229944944,"loss2_valid":1.999571395572275e-05,"loss2_train":8.827742021821905e-06,"loss3_train":1.856323615356814e-05,"_runtime":481.2440254,"loss3_valid":0.0001243656879523769,"loss1_train":0.0023264270275831223,"loss1_valid":0.04188831150531769,"_timestamp":1.7353979428182988e+09,"_wandb":{"runtime":481},"loss_valid":0.042032673954963684,"_step":9999}