{"_step":4999,"loss1_train":0.004768055863678455,"_timestamp":1.730297552606538e+09,"loss3_valid":0.7563679814338684,"loss3_train":0.09686850011348724,"loss1_valid":0.02567005529999733,"loss_valid":0.7922244071960449,"_runtime":573.5719959,"loss_train":0.1021675392985344,"_wandb":{"runtime":573},"loss2_train":0.0005309823318384588,"loss2_valid":0.010186399333178997}