{"loss_train":0.05864657089114189,"_wandb":{"runtime":583},"loss2_valid":0.016728999093174934,"_step":4999,"loss_valid":0.5196582078933716,"loss2_train":0.0026474986225366592,"loss1_train":0.0003801390412263572,"_timestamp":1.7302967886393294e+09,"loss1_valid":0.3550122082233429,"loss3_valid":0.1479169726371765,"loss3_train":0.05561893433332443,"_runtime":583.0967042}