{"_runtime":884.655472784,"loss_valid":0.03752725571393967,"_wandb":{"runtime":884},"loss3_valid":0.0013636555522680283,"loss_train":0.008068802766501904,"_timestamp":1.7297171377740326e+09,"loss2_valid":0.006193414330482483,"loss1_valid":0.029970182105898857,"_step":4999}