{"loss1_valid":0.04102063924074173,"_runtime":411.7882585,"loss2_valid":0.006579746957868338,"loss_valid":0.10531453788280487,"_timestamp":1.7295143182402315e+09,"loss3_valid":0.057714156806468964,"_step":1999,"_wandb":{"runtime":411},"loss_train":0.009943313896656036}