{"_wandb":{"runtime":149},"loss3_valid":0.00039044462027959526,"loss_train":0.006275213789194822,"_runtime":149.9411964,"loss_valid":0.060300424695014954,"loss2_valid":7.343843026319519e-05,"loss2_train":5.555494863074273e-05,"_timestamp":1.735373798866621e+09,"loss1_train":0.006155330687761307,"loss3_train":6.432836380554363e-05,"_step":1999,"loss1_valid":0.05983654409646988}