{"loss_train":0.007993631064891815,"_timestamp":1.7358254119893067e+09,"loss2_train":5.9105504988110624e-06,"_step":29999,"loss1_valid":0.050952084362506866,"loss3_valid":0.0011082447599619627,"loss_valid":0.05220608040690422,"_wandb":{"runtime":9618},"loss1_train":0.007961058989167213,"_runtime":9618.1689937,"loss2_valid":0.00014575211389455944,"loss3_train":2.6661540687200613e-05}