{"loss1_train":0.0026624631136655807,"_wandb":{"runtime":417},"loss3_train":4.04556849389337e-05,"loss_valid":0.04718782380223274,"_timestamp":1.7357914386273017e+09,"loss2_valid":0.00012093329860363156,"loss_train":0.0027357605285942554,"_step":9999,"loss2_train":3.284161357441917e-05,"loss3_valid":0.002415090799331665,"_runtime":417.8630266,"loss1_valid":0.04465179890394211}