{"loss1_valid":0.03439442440867424,"loss3_valid":0.0008335330639965832,"_runtime":983.7564726,"loss2_valid":0.006361230276525021,"loss_train":0.005188902840018272,"_wandb":{"runtime":983},"_step":4999,"loss_valid":0.04158918932080269,"_timestamp":1.7295879606117444e+09}