{"_wandb":{"runtime":801},"loss2_valid":3.9637590816710144e-05,"_step":19999,"loss_train":0.0012262400705367327,"loss3_train":1.8592318156152032e-05,"loss1_train":0.001199292135424912,"loss_valid":0.044807109981775284,"_runtime":801.4364577,"loss3_valid":0.0008364404202438891,"loss1_valid":0.043931033462285995,"_timestamp":1.7355523585428348e+09,"loss2_train":8.355568752449472e-06}