{"loss_train":0.004695597104728222,"loss1_train":0.004663675557821989,"_runtime":13866.8264791,"loss_valid":0.05467794090509415,"loss3_train":2.2830203306511976e-05,"loss2_valid":9.492375102126971e-05,"loss2_train":9.091663741855882e-06,"_wandb":{"runtime":13866},"loss1_valid":0.05265302211046219,"loss3_valid":0.0019299928098917007,"_timestamp":1.735846144389597e+09,"_step":49999}