{"loss1_train":0.010901927947998047,"_step":4999,"loss1_valid":0.05004830285906792,"_wandb":{"runtime":959},"_timestamp":1.735378151188756e+09,"loss3_valid":0.00014410697622224689,"loss_train":0.010940040461719036,"loss_valid":0.050234489142894745,"loss2_valid":4.2080271668965e-05,"loss3_train":3.1326580938184634e-05,"_runtime":959.4482621,"loss2_train":6.785199275327614e-06}