{"loss_valid":0.04138942062854767,"_timestamp":1.7283997763454797e+09,"_runtime":122.2943478,"_step":499,"_wandb":{"runtime":122},"loss_train":0.027525294572114944}