{"loss_train":0.015918519347906113,"loss_valid":0.04082094505429268,"_timestamp":1.7273637480333908e+09,"_runtime":181.092637,"_step":999,"_wandb":{"runtime":181}}