{"_timestamp":1.7273684967194529e+09,"_runtime":722.4717462,"_step":4999,"_wandb":{"runtime":722},"loss_train":0.022168632596731186,"loss_valid":0.03817438706755638}