{"loss_valid":0.09143482148647308,"loss1_valid":0.07540582865476608,"loss_train":0.00651656836271286,"loss2_valid":0.013574679382145405,"loss3_valid":0.0024543111212551594,"_timestamp":1.7296902763432143e+09,"_runtime":684.5608782,"_step":2999,"_wandb":{"runtime":684}}