{"_timestamp":1.735805409203044e+09,"loss3_valid":0.0004142461984883994,"loss3_train":1.630024053156376e-05,"loss1_valid":0.05289419740438461,"loss_valid":0.05338704213500023,"loss2_train":1.1996841749351006e-05,"loss_train":0.001677906489931047,"_runtime":596.0189878,"_wandb":{"runtime":596},"loss2_valid":7.860098412493244e-05,"loss1_train":0.001649609417654574,"_step":9999}