{"loss_valid":0.03971438854932785,"_step":999,"loss2_valid":1.1724923751899041e-05,"loss1_train":0.027526436373591423,"_timestamp":1.7353621672732391e+09,"_runtime":1286.6777955,"loss3_valid":1.525831157778157e-05,"loss_train":0.027533680200576782,"loss3_train":4.191125754005043e-06,"loss1_valid":0.03968740627169609,"_wandb":{"runtime":1286},"loss2_train":3.052301053685369e-06}