{"loss_valid":0.05294319614768028,"_timestamp":1.7307457716847985e+09,"_step":4999,"_wandb":{"runtime":826},"loss3_valid":0.0008507016464136541,"_runtime":826.266515245,"loss1_valid":0.051738541573286057,"loss1_train":0.0025256506633013487,"loss2_train":6.144039616629016e-06,"loss_train":0.0025430747773498297,"loss3_train":1.128020721807843e-05,"loss2_valid":0.0003539531317073852}