{"loss_valid":0.11055033653974533,"_timestamp":1.7272507162817247e+09,"_runtime":482.3610002,"_step":2999,"loss_train":0.0032019850332289934,"_wandb":{"runtime":482}}