{"loss_train":0.08323575556278229,"loss1_valid":0.034396134316921234,"_runtime":593.5131339,"_wandb":{"runtime":593},"loss_valid":0.24011555314064026,"loss2_valid":0.0007553556351922452,"_timestamp":1.730293347763984e+09,"_step":4999,"loss3_valid":0.2049640715122223}