{"loss3_train":8.452989277429879e-06,"loss2_valid":1.8321628886042163e-05,"loss3_valid":3.609187115216628e-05,"_timestamp":1.735372008399908e+09,"loss2_train":4.373363026388688e-06,"loss_train":0.028626004233956337,"loss1_valid":0.038248952478170395,"_step":1999,"loss1_train":0.028613178059458733,"_runtime":472.4281165,"loss_valid":0.03830336406826973,"_wandb":{"runtime":472}}