{"_wandb":{"runtime":801},"_step":4999,"loss_valid":0.06677804887294769,"loss1_valid":0.044855035841464996,"_runtime":801.004427,"loss_train":0.006999471690505743,"loss2_valid":0.0026588579639792442,"loss3_valid":0.019264155998826027,"_timestamp":1.7295241232061856e+09}