{"loss_train":0.015006685629487038,"loss3_train":1.95765751414001e-05,"loss1_valid":0.0467684343457222,"loss_valid":0.04711638391017914,"_runtime":860.5782778,"_wandb":{"runtime":870},"loss2_valid":0.00011991393694188446,"_step":3574,"loss2_train":6.4360679061792325e-06,"loss3_valid":0.00022803549654781818,"_timestamp":1.7358097932396715e+09,"loss1_train":0.014980672858655453}