{"loss_train":0.009910927154123783,"_runtime":833.227703147,"loss1_train":0.009878871031105518,"loss2_train":9.931108252203558e-06,"_step":4999,"loss2_valid":3.426288822083734e-05,"loss3_train":2.2125184841570444e-05,"_timestamp":1.7307531236552305e+09,"_wandb":{"runtime":833},"loss3_valid":0.00012137594603700563,"loss1_valid":0.03763047605752945,"loss_valid":0.03778611496090889}