{"loss_train":0.011309693567454815,"loss_valid":0.04839335381984711,"_timestamp":1.7273584041402278e+09,"_runtime":446.976732,"_step":1999,"_wandb":{"runtime":446}}