{"loss_valid":0.08553767204284668,"_timestamp":1.728382128294312e+09,"_runtime":800.4767042,"_step":4999,"_wandb":{"runtime":800},"loss_train":0.0017651176312938333}