{"loss2_valid":3.868007752316771e-06,"loss_valid":0.07634654641151428,"loss3_valid":1.2155843251093756e-05,"_runtime":4110.398765,"loss_train":0.006179653573781252,"_step":19999,"loss3_train":1.5562707631033845e-05,"loss1_train":0.0061340113170444965,"_wandb":{"runtime":4110},"loss1_valid":0.0763305202126503,"loss2_train":3.007916711794678e-05,"_timestamp":1.735485319706919e+09}