{"loss2_train":7.4732774919539224e-06,"loss_valid":0.041465435177087784,"_timestamp":1.7354516449928355e+09,"loss1_valid":0.04134460911154747,"loss2_valid":3.271417517680675e-05,"loss_train":0.0006492615211755037,"loss3_valid":8.810922736302018e-05,"_step":19999,"loss3_train":1.4239972188079264e-05,"_runtime":1133.2619037,"_wandb":{"runtime":1133},"loss1_train":0.0006275482592172921}