{"loss_train":0.025388989597558975,"loss_valid":0.3212183713912964,"_timestamp":1.7283121284613557e+09,"_runtime":968.88345,"_step":4999,"_wandb":{"runtime":968}}