{"loss3_valid":0.006295208819210529,"loss2_valid":0.002258170861750841,"_timestamp":1.7358894553325555e+09,"loss_valid":0.05322948098182678,"_step":29999,"loss1_train":0.0006948362570255995,"loss1_valid":0.044676102697849274,"_runtime":12224.8990987,"loss2_train":3.398047283553751e-06,"loss_train":0.0007057280163280666,"_wandb":{"runtime":12224},"loss3_train":7.4937406679964624e-06}