{"loss3_valid":0.005902807228267193,"_step":4999,"loss_valid":0.08179368823766708,"loss2_train":8.038374289753847e-06,"loss_train":0.0007108536083251238,"_wandb":{"runtime":814},"_timestamp":1.730374833476796e+09,"loss2_valid":0.0006712485919706523,"loss1_valid":0.07521963864564896,"loss3_train":9.487980605626944e-06,"_runtime":814.581636528,"loss1_train":0.0006933272816240788}