{"_wandb":{"runtime":1088},"loss_train":0.005478388164192438,"loss_valid":0.0553322359919548,"_timestamp":1.7283985956260219e+09,"_runtime":1088.1104085,"_step":4999}