{"_timestamp":1.7355496271054225e+09,"_wandb":{"runtime":407},"loss3_train":1.2396007150528021e-05,"_runtime":407.723763,"loss2_valid":2.618077451188583e-05,"loss_train":0.0014579411363229156,"_step":9999,"loss1_train":0.0014345877571031451,"loss2_train":1.0957359336316586e-05,"loss3_valid":0.00020289805252104998,"loss_valid":0.04221920296549797,"loss1_valid":0.04199012368917465}