{"_step":1999,"loss3_valid":0.013507718220353127,"_timestamp":1.7295157963961174e+09,"loss_valid":0.05035741627216339,"_runtime":384.0008798,"_wandb":{"runtime":384},"loss_train":0.0051323045045137405,"loss1_valid":0.035652704536914825,"loss2_valid":0.0011969944462180138}