{"_timestamp":1.7296100663208954e+09,"_step":1880,"loss2_valid":0.00010968248534481972,"loss_train":0.03148040920495987,"loss3_valid":0.00031467597000300884,"loss1_valid":0.024833552539348602,"loss_valid":0.025257909670472145,"_runtime":584.0541842,"_wandb":{"runtime":635}}