{"_timestamp":1.7294416060211546e+09,"loss2_valid":0.0008357863407582045,"loss_train":0.0013037951430305839,"loss_valid":0.06587709486484528,"_runtime":413.5984191,"loss1_valid":0.061940595507621765,"_step":2999,"loss3_valid":0.0031007183715701103,"_wandb":{"runtime":413}}