{"_wandb":{"runtime":432},"_step":1999,"loss_train":0.02346554398536682,"loss_valid":0.0371706523001194,"_timestamp":1.7284050364493787e+09,"_runtime":432.1730514}