{"loss_train":0.015873374417424202,"loss2_valid":7.710272598160373e-08,"_timestamp":1.7296890976814778e+09,"_step":2999,"_wandb":{"runtime":631},"loss3_valid":3.0746241463930346e-07,"_runtime":631.4200263,"loss1_valid":0.0601402185857296,"loss_valid":0.06014060601592064}