{"_runtime":669.3239963,"loss2_valid":0.007041378412395716,"loss_train":0.017608847469091415,"_timestamp":1.7295119074816937e+09,"loss_valid":0.12604668736457825,"_step":3999,"loss3_valid":0.06826455891132355,"loss1_valid":0.05074075236916542,"_wandb":{"runtime":669}}