{"_wandb":{"runtime":103},"_timestamp":1.7272495414167502e+09,"_runtime":94.8519064,"_step":408,"loss_train":0.20107027888298035,"loss_valid":0.5645676255226135}