{"loss_valid":0.049834609031677246,"_timestamp":1.735806494171236e+09,"loss1_valid":0.04935746639966965,"loss_train":0.001506507396697998,"loss1_train":0.0014666502829641104,"loss2_valid":5.105147647554986e-05,"loss3_train":2.6343384888605215e-05,"_step":9999,"_runtime":557.7901911,"loss2_train":1.3513705198420212e-05,"_wandb":{"runtime":557},"loss3_valid":0.0004260905843693763}