{"loss_valid":0.02428184263408184,"loss3_train":3.996913619630504e-06,"_step":99,"loss_train":0.03870976343750954,"loss3_valid":0.00041867041727527976,"loss2_train":3.7622417039528955e-06,"_wandb":{"runtime":116},"_timestamp":1.7359797558783193e+09,"loss1_train":0.03870200365781784,"loss2_valid":0.0007841287297196686,"loss1_valid":0.02307904325425625,"_runtime":116.5515438}