{"loss2_train":2.093603507091757e-05,"loss1_valid":0.04317023977637291,"_wandb":{"runtime":106},"loss_valid":0.04321034252643585,"_runtime":106.268056,"loss2_valid":2.1867181203560904e-05,"loss1_train":0.006878462620079517,"loss3_valid":1.823518323362805e-05,"loss_train":0.0069272941909730434,"loss3_train":2.7895330276805907e-05,"_timestamp":1.7355284255975547e+09,"_step":1999}