{"_wandb":{"runtime":992},"_timestamp":1.7278134218469303e+09,"_runtime":992.7509081,"_step":4999,"loss_train":0.03109222836792469,"loss_valid":0.031215505674481392}