{"loss2_valid":0.006394091062247753,"_runtime":463.8839486,"loss1_valid":0.033312566578388214,"_step":1999,"_wandb":{"runtime":463},"loss_train":0.00814163126051426,"loss_valid":0.04104911908507347,"loss3_valid":0.0013424608623608947,"_timestamp":1.7292564664469538e+09}