{"_wandb":{"runtime":249},"loss1_valid":0.03482193872332573,"_timestamp":1.729518053225853e+09,"loss2_valid":0.0006403558072634041,"_runtime":249.6256466,"loss_train":0.01943780668079853,"loss_valid":0.035840954631567,"loss3_valid":0.0003786620800383389,"_step":1999}