{"loss2_train":1.2795592283509905e-06,"_timestamp":1.7304094315431926e+09,"_wandb":{"runtime":1751},"loss3_valid":0.007190994918346405,"loss2_valid":8.637542487122118e-05,"loss1_train":0.0004089251160621643,"_step":19999,"loss1_valid":0.04907530918717384,"loss_valid":0.056352678686380386,"loss3_train":4.933614491164917e-06,"_runtime":1751.028124549,"loss_train":0.0004151382890995592}