{"loss_valid":0.06544888764619827,"_runtime":1540.78824606,"_wandb":{"runtime":1540},"loss3_valid":0.006552156992256641,"loss1_valid":0.05872456356883049,"loss1_train":0.0010039826156571507,"loss_train":0.0010371081298217177,"loss3_train":2.273539394082036e-05,"_timestamp":1.7304070516605422e+09,"_step":19999,"loss2_train":1.0390072020527441e-05,"loss2_valid":0.00017216603737324476}