{"_wandb":{"runtime":331},"loss_train":0.003861373756080866,"_runtime":331.73067746,"loss2_valid":0.0002823551476467401,"_timestamp":1.7296286149350684e+09,"loss1_valid":0.17677676677703857,"_step":4999,"loss_valid":0.17887479066848755,"loss3_valid":0.0018156626028940082}