{"loss_valid":0.3155094087123871,"_runtime":64.9122049,"_step":499,"loss1_valid":0.31548213958740234,"loss_train":0.03698274493217468,"_timestamp":1.7297116525921192e+09,"_wandb":{"runtime":64},"loss2_valid":9.666851838119328e-06,"loss3_valid":1.7613760064705275e-05}