{"loss_train":0.03870970755815506,"_step":99,"_wandb":{"runtime":102},"loss3_train":3.99645477955346e-06,"loss2_valid":0.000784276460763067,"loss1_train":0.038701947778463364,"loss3_valid":0.00041864890954457223,"_timestamp":1.7359826657809503e+09,"_runtime":102.0543543,"loss1_valid":0.02307903580367565,"loss2_train":3.7624829474225407e-06,"loss_valid":0.024281959980726242}