{"loss1_train":0.00982956774532795,"loss_train":0.009864152409136295,"_step":4999,"loss3_train":2.7204925572732463e-05,"loss1_valid":0.04727015271782875,"_timestamp":1.7358086633583272e+09,"loss_valid":0.04887792095541954,"_runtime":1204.49769,"loss3_valid":0.001411327626556158,"loss2_valid":0.0001964424882316962,"loss2_train":7.380155693681445e-06,"_wandb":{"runtime":1204}}