{"_step":2999,"_runtime":634.0855291,"loss1_valid":0.025823669508099556,"loss_train":0.014740199781954288,"_wandb":{"runtime":634},"loss2_train":1.3922435755375773e-06,"loss_valid":0.03808315098285675,"_timestamp":1.7306751502801578e+09,"loss1_train":0.01464085467159748,"loss2_valid":8.348102710442618e-06,"loss3_train":9.795276855584234e-05,"loss3_valid":0.012251134030520916}