{"_timestamp":1.7358072296848462e+09,"loss_valid":0.04740024358034134,"loss_train":0.0036451073829084635,"loss3_valid":0.0013105469988659024,"loss2_train":1.0466469575476367e-05,"loss1_valid":0.04598627984523773,"loss2_valid":0.00010341815504943952,"loss1_train":0.003610908519476652,"_step":4999,"_runtime":458.8542317,"_wandb":{"runtime":458},"loss3_train":2.3732438421575353e-05}