{"loss3_valid":0.0006341322441585362,"_wandb":{"runtime":1709},"_step":4999,"_timestamp":1.7353644201940806e+09,"_runtime":1709.1081764,"loss_train":0.004815972410142422,"loss1_valid":0.04134991019964218,"loss1_train":0.004796247463673353,"loss2_train":4.092272774869343e-06,"loss_valid":0.042113929986953735,"loss3_train":1.5632700524292886e-05,"loss2_valid":0.0001298859715461731}