{"loss_valid":0.052238911390304565,"_timestamp":1.7279441771696277e+09,"_runtime":1038.2324003,"_step":4999,"_wandb":{"runtime":1038},"loss_train":0.006611799821257591}