{"_wandb":{"runtime":2083},"loss_train":0.010321255773305893,"loss1_valid":0.040416911244392395,"loss_valid":0.04088320955634117,"_timestamp":1.729445973201501e+09,"loss2_valid":9.821963612921536e-05,"loss3_valid":0.0003680756490211934,"_runtime":2083.8058861,"_step":9999}