{"_step":4999,"loss_train":0.07947846502065659,"_timestamp":1.7302957734808285e+09,"loss_valid":0.7453739047050476,"loss1_train":0.0006243250099942088,"loss1_valid":0.024793028831481934,"_wandb":{"runtime":572},"loss3_train":0.07885366678237915,"loss2_valid":0.005464362911880016,"_runtime":572.524647,"loss2_train":4.705216269940138e-07,"loss3_valid":0.7151165008544922}