{"_timestamp":1.7302169243208542e+09,"_runtime":570.7705947,"loss3_valid":6.744938332303718e-07,"loss1_valid":0.026972578838467598,"_wandb":{"runtime":570},"_step":4999,"loss_train":0.02779056876897812,"loss_valid":0.026973266154527664,"loss2_valid":1.326461873674134e-08}