{"loss3_valid":3.558510570655926e-06,"_runtime":93.8627414,"_wandb":{"runtime":93},"loss3_train":1.9959685232606716e-05,"loss_valid":0.042920395731925964,"loss_train":0.005207246635109186,"_timestamp":1.735495683005988e+09,"loss1_valid":0.04290922358632088,"loss1_train":0.005174895282834768,"loss2_valid":7.6157662078912836e-06,"loss2_train":1.2391915333864745e-05,"_step":1999}