{"loss3_train":7.097006800904637e-06,"loss_valid":0.04887402430176735,"loss2_train":2.331472387595568e-06,"loss1_train":0.00046248373109847307,"loss3_valid":0.008561818860471249,"loss2_valid":0.0002058191312244162,"_timestamp":1.730404495059429e+09,"_runtime":779.879613064,"loss1_valid":0.040106385946273804,"_step":9999,"loss_train":0.0004719122080132365,"_wandb":{"runtime":779}}