{"loss_valid":0.05171482637524605,"loss3_train":2.44763505179435e-05,"loss1_valid":0.05114683508872986,"loss2_train":6.938598744454794e-06,"loss2_valid":5.242177940090187e-05,"_timestamp":1.7353707081547923e+09,"_runtime":237.7344245,"loss_train":0.011702919378876686,"loss1_train":0.011671504937112331,"loss3_valid":0.0005155677208676934,"_step":999,"_wandb":{"runtime":237}}