{"_timestamp":1.7295997192418513e+09,"_runtime":1213.2566578,"loss2_valid":0.0006790908519178629,"loss3_valid":0.003671293379738927,"loss_train":0.003300689859315753,"_wandb":{"runtime":1213},"loss_valid":0.03640323877334595,"_step":4999,"loss1_valid":0.03205285593867302}