{"_wandb":{"runtime":38},"_timestamp":1.7358110228198211e+09,"loss1_train":0.031731683760881424,"_step":132,"loss1_valid":0.04182659462094307,"loss_train":0.03176676109433174,"_runtime":33.043347,"loss3_train":2.6854113457375206e-05,"loss_valid":0.0500919334590435,"loss2_valid":0.007935312576591969,"loss2_train":8.223189979617018e-06,"loss3_valid":0.0003300267562735826}