{"loss_train":0.0040427385829389095,"loss_valid":0.05193011090159416,"_timestamp":1.730238345571995e+09,"_wandb":{"runtime":2595},"_step":19999,"loss2_valid":0.0010040367487818003,"loss1_valid":0.04937148094177246,"_runtime":2595.283373693,"loss3_valid":0.0015545934438705444}