{"_runtime":64.1657554,"loss3_train":3.111529804300517e-05,"_step":999,"_wandb":{"runtime":64},"loss_valid":0.04412694275379181,"loss3_valid":1.2897104170406237e-05,"loss_train":0.01065925695002079,"loss2_valid":1.6354581021005288e-05,"loss2_train":1.7850696167442948e-05,"_timestamp":1.7354918005283425e+09,"loss1_valid":0.044097691774368286,"loss1_train":0.010610290803015232}