{"_runtime":1009.5807296,"_step":4999,"_wandb":{"runtime":1009},"loss_train":0.005855020135641098,"loss_valid":0.04585815221071243,"_timestamp":1.727378133407686e+09}