{"loss_train":0.011013559997081757,"loss1_train":0.01097883377224207,"_wandb":{"runtime":968},"loss3_train":2.9353092031669803e-05,"loss_valid":0.05209961161017418,"_timestamp":1.7353792000868335e+09,"_runtime":968.1009461,"loss1_valid":0.050721194595098495,"loss2_valid":7.866494706831872e-05,"loss2_train":5.372975465434138e-06,"loss3_valid":0.0012997535523027182,"_step":4999}