{"_step":4999,"loss2_valid":0.008486584760248661,"loss_train":0.007123430259525776,"_runtime":756.0124548,"loss1_valid":0.03503338247537613,"loss3_valid":0.007019766140729189,"_wandb":{"runtime":756},"loss_valid":0.05053973197937012,"_timestamp":1.728505230964661e+09}