{"loss_train":0.020613159984350204,"loss_valid":0.04707062244415283,"_timestamp":1.7278648473546903e+09,"_runtime":1054.2157622,"_step":4999,"_wandb":{"runtime":1054}}