{"loss_train":0.02382758818566799,"_wandb":{"runtime":249},"loss_valid":0.08383185416460037,"_timestamp":1.7279430248154857e+09,"_runtime":242.0141695,"_step":1098}