{"loss2_train":7.165407441789284e-05,"_step":999,"_timestamp":1.7355291842674844e+09,"loss2_valid":0.0001341218303423375,"loss3_valid":5.346746911527589e-05,"loss1_train":0.017181245610117912,"_runtime":42.2550179,"loss_valid":0.044029347598552704,"loss1_valid":0.043841756880283356,"_wandb":{"runtime":42},"loss_train":0.01737532578408718,"loss3_train":0.0001224266306962818}