{"loss_valid":0.06736956536769867,"_timestamp":1.728314038508275e+09,"_runtime":1002.463508,"_step":4999,"_wandb":{"runtime":1002},"loss_train":0.0026499873492866755}