{"_wandb":{"runtime":81},"loss1_train":0.005490408279001713,"_runtime":81.1479897,"loss2_train":1.3938211850472726e-05,"loss3_valid":1.0932283657894004e-05,"_timestamp":1.735493314563615e+09,"loss1_valid":0.04261358082294464,"loss2_valid":7.786202331772074e-06,"loss3_train":1.9808030629064888e-05,"loss_train":0.005524154286831617,"loss_valid":0.04263230040669441,"_step":1999}