{"loss3_valid":0.0031849192455410957,"_timestamp":1.7284702680968037e+09,"loss_train":0.0024083638563752174,"loss2_valid":0.0005805001128464937,"loss_valid":0.0351107232272625,"loss1_valid":0.03134530410170555,"_wandb":{"runtime":1120},"_runtime":1120.7243571,"_step":4999}