{"_step":999,"_wandb":{"runtime":199},"loss_train":0.013714535161852837,"loss_valid":0.04173831269145012,"_timestamp":1.7271825841205754e+09,"_runtime":199.2853533}