{"loss2_valid":0.00108225061558187,"loss_valid":0.12970134615898132,"loss1_valid":0.030352655798196793,"loss3_valid":0.09826644510030746,"loss_train":0.0031649700831621885,"_runtime":487.0393729,"_step":4999,"_timestamp":1.7302898240282073e+09,"_wandb":{"runtime":487}}