{"loss2_valid":0.00626731151714921,"_step":4999,"loss3_valid":0.0025776184629648924,"_wandb":{"runtime":1067},"_timestamp":1.7284661280378351e+09,"loss_train":0.007079876959323883,"loss_valid":0.05206091329455376,"_runtime":1067.2398495,"loss1_valid":0.04321598261594772}