{"loss2_valid":0.00037918827729299664,"loss3_valid":0.009257226251065731,"_runtime":924.982986964,"_timestamp":1.730279045134641e+09,"loss1_valid":0.07509027421474457,"loss_valid":0.08472669124603271,"_wandb":{"runtime":924},"_step":4999,"loss_train":0.0005954966763965786}