{"loss_train":0.03096858225762844,"loss_valid":0.03353704884648323,"_timestamp":1.727815507291691e+09,"_wandb":{"runtime":993},"_runtime":993.7324634,"_step":4999}