{"_timestamp":1.7307500644565403e+09,"_wandb":{"runtime":839},"loss_train":0.0032122978009283543,"loss2_train":7.048839506751392e-06,"_runtime":839.205742974,"_step":4999,"loss3_train":1.7879348888527602e-05,"loss2_valid":0.0001445007510483265,"loss1_train":0.003187369555234909,"loss3_valid":0.0014491634210571647,"loss_valid":0.039823535829782486,"loss1_valid":0.03822987154126167}