{"loss1_valid":0.04856686666607857,"_step":4999,"_runtime":216.4327528,"loss_valid":0.048588480800390244,"loss2_valid":3.328598495500046e-06,"loss_train":0.008211503736674786,"loss2_train":1.4270367501012515e-05,"loss1_train":0.008161364123225212,"_wandb":{"runtime":216},"_timestamp":1.735376206343331e+09,"loss3_valid":1.8281869415659457e-05,"loss3_train":3.5868513805326074e-05}