{"_wandb":{"runtime":997},"loss_train":0.018206778913736343,"loss_valid":0.2430795133113861,"_timestamp":1.727862761214017e+09,"_runtime":997.266305,"_step":4999}