{"_step":2999,"loss2_train":4.240701855451334e-06,"loss3_valid":0.0001392170088365674,"_wandb":{"runtime":499},"loss2_valid":9.260448678105604e-06,"loss_train":0.014291918836534023,"loss1_valid":0.02727704495191574,"_timestamp":1.730675740014335e+09,"loss_valid":0.027425523847341537,"loss1_train":0.014215718023478985,"_runtime":499.9493498,"loss3_train":7.196049409685656e-05}