{"loss_valid":0.02217894233763218,"loss_train":0.03627092391252518,"_runtime":315.8806462,"_timestamp":1.735979540898383e+09,"_step":263,"loss3_train":2.9303491828613915e-06,"loss2_train":1.5234274997055763e-06,"loss1_train":0.03626646846532822,"_wandb":{"runtime":322},"loss3_valid":0.0002026330475928262,"loss1_valid":0.021964728832244873,"loss2_valid":1.1580938917177264e-05}