{"loss_train":0.021334733814001083,"_wandb":{"runtime":3955},"loss1_valid":0.030003856867551804,"_step":4999,"loss_valid":0.03628044202923775,"loss3_valid":0.0001810641260817647,"_runtime":3955.29472162,"loss2_valid":0.006095519755035639,"_timestamp":1.729717041055028e+09}