{"_wandb":{"runtime":1634},"_timestamp":1.7297770609973347e+09,"loss_train":0.004127840977162123,"loss2_valid":0.007552244234830141,"loss_valid":0.04661116003990173,"loss3_valid":0.002621404593810439,"_runtime":1634.50495212,"_step":4999,"loss1_valid":0.0364375114440918}