{"_step":4999,"loss2_valid":1.5092148714757059e-05,"loss_train":0.03526558354496956,"_runtime":964.226635811,"_timestamp":1.7296976910088398e+09,"loss3_valid":4.2900650441879407e-05,"_wandb":{"runtime":964},"loss1_valid":0.025581417605280876,"loss_valid":0.025639411062002182}