{"_wandb":{"runtime":1969},"loss_valid":0.04106045886874199,"_timestamp":1.727710815039503e+09,"_runtime":1969.6647093,"_step":9999,"loss_train":0.0010420596227049828}