{"loss_valid":1.4894787073135376,"_wandb":{"runtime":57},"_timestamp":1.7283129597177014e+09,"_runtime":53.6897391,"_step":373,"loss_train":2.999997615814209}