{"_timestamp":1.7354939089307344e+09,"loss3_train":2.2439488020609133e-05,"loss1_train":0.005646875128149986,"loss2_train":1.0707652108976617e-05,"loss1_valid":0.04401231184601784,"loss3_valid":1.0243763426842634e-05,"_step":1999,"_runtime":91.8560669,"loss_valid":0.044046800583601,"loss2_valid":2.4242803192464635e-05,"loss_train":0.005680022295564413,"_wandb":{"runtime":91}}