{"loss_valid":0.07973453402519226,"_timestamp":1.727865956067155e+09,"_runtime":1031.853214,"_wandb":{"runtime":1031},"_step":4999,"loss_train":0.02720387652516365}