{"loss3_train":4.002474270237144e-06,"loss1_valid":0.02307899482548237,"loss2_train":3.7655888718290953e-06,"loss1_train":0.038701727986335754,"_timestamp":1.7359821639782085e+09,"_step":99,"loss_valid":0.02428489550948143,"loss_train":0.03870949521660805,"_wandb":{"runtime":106},"loss2_valid":0.0007867437670938671,"loss3_valid":0.0004191573243588209,"_runtime":106.4647697}