{"_wandb":{"runtime":912},"loss_train":0.006367006339132786,"loss_valid":0.06007283926010132,"_timestamp":1.7277846232297976e+09,"_runtime":912.2722336,"_step":4999}