{"loss2_valid":0.017214447259902954,"loss1_valid":0.03440059348940849,"loss_valid":0.0518769733607769,"_timestamp":1.7292557005565715e+09,"_runtime":480.3786947,"loss_train":0.03186291083693504,"_wandb":{"runtime":480},"loss3_valid":0.00026193371741101146,"_step":1999}