{"loss_valid":0.06371096521615982,"loss1_valid":0.06117868050932884,"loss3_valid":0.001963190035894513,"_wandb":{"runtime":2626},"_runtime":2626.169321466,"_step":19999,"loss_train":0.0009744956623762846,"_timestamp":1.7302407437251863e+09,"loss2_valid":0.0005690976977348328}