{"loss3_train":2.3451773813576438e-05,"_timestamp":1.7358134635330427e+09,"loss2_train":5.889798103453359e-06,"loss_valid":0.04959246143698692,"_runtime":2372.399664,"loss3_valid":0.0007402958581224084,"loss_train":0.009613174945116043,"_step":9999,"loss1_train":0.009583833627402782,"loss2_valid":0.00015735841589048505,"_wandb":{"runtime":2372},"loss1_valid":0.048694804310798645}