{"_timestamp":1.7277833054085314e+09,"_runtime":222.255938,"_step":1102,"_wandb":{"runtime":225},"loss_train":0.03302259370684624,"loss_valid":0.03750351443886757}