{"loss1_train":0.005658146925270557,"loss2_valid":0.0001503208914073184,"_wandb":{"runtime":1445},"_timestamp":1.7358301943489854e+09,"loss_valid":0.05841347575187683,"loss2_train":1.2042195521644317e-05,"_runtime":1445.525421,"_step":4999,"loss1_valid":0.055868446826934814,"loss3_train":4.6467608626699075e-05,"loss_train":0.0057166563346982,"loss3_valid":0.0023947081062942743}