{"loss_train":0.033657364547252655,"loss_valid":0.03553203493356705,"_timestamp":1.7284042647675734e+09,"_wandb":{"runtime":440},"_runtime":440.7994091,"_step":1999}