{"loss1_valid":0.048482127487659454,"_timestamp":1.73564073525776e+09,"loss_train":0.006251241080462933,"_step":19999,"loss1_train":0.006188973318785429,"loss3_train":4.1150542529067025e-05,"_wandb":{"runtime":823},"loss_valid":0.05325040593743324,"loss2_valid":0.00010431338159833103,"loss2_train":2.1117395590408705e-05,"loss3_valid":0.004663967061787844,"_runtime":823.3862154}