{"_timestamp":1.7355409058595772e+09,"loss1_valid":0.06917880475521088,"_wandb":{"runtime":973},"loss_valid":0.06949490308761597,"loss2_valid":2.7994012270937674e-05,"_step":19999,"loss1_train":0.0010650455951690674,"loss3_valid":0.0002881065884139389,"loss_train":0.0010882146889343858,"_runtime":973.0234304,"loss3_train":1.0646090231603011e-05,"loss2_train":1.252304355148226e-05}