{"loss_valid":0.0507625937461853,"_wandb":{"runtime":2170},"loss3_valid":0.004214553628116846,"_runtime":2170.3753402,"loss_train":0.0014309582766145468,"loss1_train":0.0013941912911832333,"loss1_valid":0.0462147518992424,"loss2_valid":0.0003332870837766677,"_step":49999,"_timestamp":1.7359895187184932e+09,"loss2_train":2.1789684979012236e-05,"loss3_train":1.4977300452301279e-05}