{"loss3_train":1.622410854906775e-05,"loss_train":0.00411092396825552,"loss_valid":0.061558134853839874,"_step":4999,"_timestamp":1.730748915936772e+09,"_wandb":{"runtime":952},"loss1_valid":0.06037561967968941,"loss1_train":0.004088893998414278,"_runtime":952.793710063,"loss3_valid":0.001087605836801231,"loss2_valid":9.490981028648093e-05,"loss2_train":5.806025001220405e-06}