{"loss_valid":0.03440184146165848,"_timestamp":1.7284029898871107e+09,"_runtime":308.5699908,"_step":1999,"_wandb":{"runtime":308},"loss_train":0.03341193124651909}