{"_runtime":823.8180724,"_wandb":{"runtime":823},"_step":4999,"loss_train":0.031110547482967377,"loss_valid":0.4513852000236511,"_timestamp":1.7278144650624685e+09}