{"loss_train":0.0011620462173596025,"loss_valid":0.05035964027047157,"_timestamp":1.728304428687291e+09,"_runtime":879.5895135,"_wandb":{"runtime":879},"_step":4999}