{"loss2_valid":0.006326313596218824,"loss_valid":0.049205437302589417,"_timestamp":1.7292548760822408e+09,"loss_train":0.026883473619818687,"_runtime":471.9135902,"loss1_valid":0.04248563572764397,"loss3_valid":0.00039348696009255946,"_wandb":{"runtime":471},"_step":1999}