{"_step":4999,"loss3_valid":2.0647687051678076e-05,"_timestamp":1.7353749495827756e+09,"loss_valid":0.058626580983400345,"loss1_train":0.01576799713075161,"loss3_train":2.1615149307763204e-05,"_runtime":207.2064369,"_wandb":{"runtime":207},"loss1_valid":0.058569133281707764,"loss_train":0.01582716777920723,"loss2_train":3.7553902075160295e-05,"loss2_valid":3.679793007904664e-05}