{"loss3_valid":6.010578727000393e-05,"loss_train":0.015869218856096268,"_wandb":{"runtime":2428},"_step":4999,"_runtime":2428.256082654,"_timestamp":1.7297177474361362e+09,"loss1_valid":0.026933571323752403,"loss2_valid":0.006114436313509941,"loss_valid":0.03310811519622803}