{"loss_train":0.03565570339560509,"loss_valid":0.20891883969306946,"_timestamp":1.7278613370316458e+09,"_runtime":331.3126229,"_step":1561,"_wandb":{"runtime":336}}