{"loss3_train":2.1917207050137222e-05,"_timestamp":1.7355461119575186e+09,"loss_train":0.001550445449538529,"loss1_train":0.0015180523041635752,"loss3_valid":0.0009921828750520945,"loss_valid":0.044359054416418076,"_step":19999,"_wandb":{"runtime":869},"loss2_valid":0.00010865178774110973,"loss2_train":1.0476036550244316e-05,"_runtime":869.2456143,"loss1_valid":0.043258219957351685}