{"loss_valid":0.023291898891329765,"loss2_valid":1.575196256453637e-05,"loss1_train":0.0341145321726799,"loss1_valid":0.023133335635066032,"loss3_train":1.4057895896257833e-05,"_timestamp":1.7359839240657036e+09,"loss2_train":1.1405089935578872e-05,"loss_train":0.03413999825716019,"loss3_valid":0.00014281123003456742,"_step":99,"_runtime":119.316775,"_wandb":{"runtime":119}}