{"_wandb":{"runtime":408},"_timestamp":1.727367695328813e+09,"_runtime":408.7342055,"_step":1999,"loss_train":0.02756686322391033,"loss_valid":0.028778621926903725}