{"_runtime":138.2833349,"_step":732,"loss_train":0.042158666998147964,"_wandb":{"runtime":155},"loss_valid":0.04628601670265198,"_timestamp":1.727798043143508e+09}