{"loss2_train":5.203267210163176e-05,"_step":1999,"loss2_valid":6.612033030251041e-05,"loss3_train":7.667540921829641e-05,"loss1_valid":0.044213417917490005,"_wandb":{"runtime":106},"_runtime":106.7381344,"_timestamp":1.7355255539882047e+09,"loss_train":0.005913290660828352,"loss1_train":0.0057845828123390675,"loss_valid":0.04467659816145897,"loss3_valid":0.00039706070674583316}