{"loss_train":0.006486231926828623,"loss2_valid":0.007544463966041803,"_timestamp":1.7285071556234586e+09,"_wandb":{"runtime":1067},"_runtime":1067.1941888,"loss_valid":0.07266022264957428,"loss3_valid":0.0002484491851646453,"_step":4999,"loss1_valid":0.06486731022596359}