{"_runtime":383.7112767,"_step":1999,"_wandb":{"runtime":383},"loss_train":0.014904147945344448,"loss_valid":0.04596772417426109,"_timestamp":1.7284093567854626e+09}