{"loss2_valid":0.00018724933033809066,"loss1_train":0.000896144425496459,"loss_valid":0.025963589549064636,"loss2_train":5.192022399569396e-06,"loss3_train":6.369847142195795e-06,"loss1_valid":0.024917487055063248,"_wandb":{"runtime":1716},"loss_train":0.000907706271391362,"_timestamp":1.7359014700465362e+09,"_step":29999,"_runtime":1716.796244,"loss3_valid":0.0008588520577177405}