{"loss2_valid":0.0005362593801692128,"loss3_train":4.976775744580664e-05,"loss_valid":0.06759051233530045,"loss3_valid":0.004651192110031843,"loss1_train":0.0008099129190668464,"_runtime":950.0172572,"_step":2999,"_wandb":{"runtime":950},"loss_train":0.0008684915374033153,"loss1_valid":0.06240306422114372,"loss2_train":8.8108108684537e-06,"_timestamp":1.7306651888585906e+09}