{"_step":4999,"_timestamp":1.7302223711087506e+09,"loss3_valid":2.8104598186473595e-06,"_runtime":1840.368972418,"loss_valid":0.024252016097307205,"loss2_valid":1.6164241856131412e-07,"loss1_valid":0.024249043315649033,"loss_train":0.02871047705411911,"_wandb":{"runtime":1840}}