{"loss3_train":7.409134013869334e-06,"_timestamp":1.7354707300014985e+09,"_wandb":{"runtime":8071},"loss_valid":0.05596128851175308,"loss1_valid":0.05061088129878044,"_runtime":8071.1968197,"loss1_train":0.0010489611886441708,"loss2_valid":0.0014938544481992722,"loss3_valid":0.0038565562572330236,"loss2_train":3.437706936892937e-06,"_step":19999,"loss_train":0.0010598080698400736}