{"_wandb":{"runtime":642},"loss_train":0.0018142457120120525,"loss_valid":0.0576007217168808,"_timestamp":1.7272515548823657e+09,"_runtime":642.8016749,"_step":2999}