{"loss2_valid":0.00017733316053636372,"loss_train":0.0010392438853159547,"loss2_train":1.1508826901263092e-05,"loss1_valid":0.026840677484869957,"loss1_train":0.0010030685225501657,"loss3_train":2.4666560420882888e-05,"_timestamp":1.7307218478459783e+09,"loss3_valid":0.0039018639363348484,"loss_valid":0.03091987408697605,"_wandb":{"runtime":411},"_runtime":411.6326654,"_step":2999}