{"loss3_train":3.586258026189171e-05,"loss1_train":0.004563977476209402,"loss1_valid":0.03360965475440025,"_timestamp":1.7359871345178792e+09,"_runtime":224.3418979,"loss2_valid":5.451157994684763e-05,"loss_valid":0.03403712436556816,"loss3_valid":0.000372957467334345,"_wandb":{"runtime":224},"_step":4999,"loss_train":0.004636663477867842,"loss2_train":3.682340320665389e-05}