{"loss_valid":0.0394883006811142,"_timestamp":1.7277084319121897e+09,"_runtime":1131.3193154,"_step":4999,"_wandb":{"runtime":1131},"loss_train":0.0015033272793516517}