{"loss_train":0.014598966576159,"_wandb":{"runtime":177},"loss_valid":0.052579574286937714,"_timestamp":1.7283995665701222e+09,"_runtime":177.8435991,"_step":999}