{"loss1_valid":0.029609082266688347,"_wandb":{"runtime":1057},"loss_train":0.006350042298436165,"loss3_valid":0.0032540629617869854,"_timestamp":1.7295927068144891e+09,"_runtime":1057.486511,"loss2_valid":0.011120292358100414,"_step":4999,"loss_valid":0.04398343712091446}