{"_wandb":{"runtime":169},"loss3_train":5.467491428134963e-05,"_runtime":169.5642318,"_timestamp":1.735373239363665e+09,"loss2_valid":2.0450168449315242e-05,"loss3_valid":2.2297344912658446e-05,"loss1_train":0.010700646787881851,"loss2_train":4.160031312494539e-05,"loss_valid":0.04900175705552101,"loss1_valid":0.04895900934934616,"_step":1999,"loss_train":0.010796922259032726}