{"loss_valid":0.036245472729206085,"_timestamp":1.7297670450916607e+09,"loss_train":0.016503049060702324,"_runtime":4833.381121141,"_step":9999,"_wandb":{"runtime":4833},"loss1_valid":0.029417304322123528,"loss2_valid":0.006434316281229258,"loss3_valid":0.0003938507870770991}