{"loss_valid":0.04888847470283508,"loss_train":0.0015151385450735688,"loss2_train":2.3021144443191588e-05,"loss2_valid":7.188845484051853e-05,"loss3_valid":0.0035548117011785507,"loss1_train":0.001466402318328619,"_timestamp":1.7355726355471466e+09,"_step":19999,"loss3_train":2.5715091396705247e-05,"_runtime":802.6645114,"loss1_valid":0.045261774212121964,"_wandb":{"runtime":802}}