{"_wandb":{"runtime":421},"loss_valid":0.03251885622739792,"_runtime":421.0147978,"loss1_valid":0.032455407083034515,"loss2_valid":4.5041747398499865e-06,"loss3_valid":5.894653804716654e-05,"_step":1999,"_timestamp":1.7296295744445243e+09,"loss_train":0.026688897982239723}