{"loss_train":0.0017687662038952112,"loss3_valid":0.012537662871181965,"_runtime":1711.274027895,"_step":4999,"loss2_valid":0.0003434946993365884,"_wandb":{"runtime":1711},"loss1_valid":0.04870077222585678,"_timestamp":1.7302198102050014e+09,"loss_valid":0.06158192828297615}