{"loss3_valid":0.0007227864698506892,"_wandb":{"runtime":744},"loss1_valid":0.1103459969162941,"_step":999,"loss2_valid":0.007626802194863558,"_timestamp":1.7296989121578305e+09,"_runtime":744.9264595,"loss_train":0.014289754442870617,"loss_valid":0.11869558691978455}