{"_wandb":{"runtime":1187},"loss_train":0.0005898169474676251,"_runtime":1187.1280774,"_step":4999,"loss2_valid":0.0005800521466881037,"_timestamp":1.7297789393052053e+09,"loss1_valid":0.03913072869181633,"loss3_valid":0.009808944538235664,"loss_valid":0.049519725143909454}