{"_step":999,"loss_train":0.010431220754981041,"loss_valid":0.05706389993429184,"_timestamp":1.7271828339613054e+09,"_runtime":210.2409066,"_wandb":{"runtime":210}}