{"loss1_train":0.016690004616975784,"loss3_train":6.488020153483376e-05,"_step":4999,"_timestamp":1.7355433892594914e+09,"loss_train":0.016791563481092453,"_runtime":225.9123444,"_wandb":{"runtime":225},"loss3_valid":3.820864367298782e-05,"loss_valid":0.04296700656414032,"loss2_valid":0.00010897548781940714,"loss1_valid":0.04281982034444809,"loss2_train":3.667933924589306e-05}