{"_step":9999,"_wandb":{"runtime":2034},"loss_train":0.0075753480195999146,"loss_valid":0.3170146346092224,"_timestamp":1.7283859388673048e+09,"_runtime":2034.9181426}