{"_step":4999,"loss_train":0.0021905323956161737,"_wandb":{"runtime":1152},"loss_valid":7.9590277671813965,"_timestamp":1.7283110017031589e+09,"_runtime":1152.0778953}