{"loss_train":0.009517272002995014,"_wandb":{"runtime":89},"loss1_valid":0.054613370448350906,"loss2_valid":6.973768176976591e-05,"_step":1999,"loss3_valid":5.188912837184034e-05,"loss1_train":0.009400907903909683,"_runtime":89.9823421,"loss_valid":0.05473499745130539,"loss3_train":6.408038461813703e-05,"_timestamp":1.735373991822891e+09,"loss2_train":5.228356531006284e-05}