{"loss_train":0.01535072922706604,"_wandb":{"runtime":316},"loss_valid":0.04291282594203949,"_timestamp":1.7277867312996688e+09,"_runtime":316.8560865,"_step":1999}