{"_wandb":{"runtime":890},"_timestamp":1.7278093936164107e+09,"_runtime":890.5116927,"_step":4999,"loss_train":0.031422294676303864,"loss_valid":0.030589863657951355}