{"_timestamp":1.728468855492909e+09,"_wandb":{"runtime":1126},"loss2_valid":0.00794991198927164,"_step":4999,"loss_valid":0.04178007319569588,"loss1_valid":0.03216257318854332,"loss_train":0.006469041109085083,"loss3_valid":0.0016675873193889856,"_runtime":1126.2578007}