{"loss1_valid":0.05678272992372513,"loss1_train":0.011988862417638302,"loss2_train":8.273141247627791e-06,"_runtime":225.1546985,"_timestamp":1.7353702204960394e+09,"_wandb":{"runtime":225},"loss3_valid":0.000380326178856194,"_step":999,"loss_valid":0.057227976620197296,"loss2_valid":6.49198773317039e-05,"loss_train":0.012026270851492882,"loss3_train":2.9135102522559464e-05}