{"loss_train":0.026493635028600693,"loss3_valid":2.0477093130466528e-05,"_wandb":{"runtime":520},"loss_valid":0.06348235160112381,"_timestamp":1.7296255052285583e+09,"_runtime":512.2406887,"loss2_valid":0.005021524615585804,"_step":920,"loss1_valid":0.058440349996089935}