{"_runtime":150.7899005,"_timestamp":1.735984942846993e+09,"_wandb":{"runtime":166},"_step":477,"loss2_train":4.993712082068669e-06,"loss3_train":4.896381142316386e-06,"loss2_valid":0.0003541904443409294,"loss1_valid":0.023099001497030258,"loss_train":0.03789808601140976,"loss3_valid":0.00040572136640548706,"loss_valid":0.023858914151787758,"loss1_train":0.03788819909095764}