{"_timestamp":1.7302384713370466e+09,"_step":19999,"loss_train":0.002328953705728054,"loss3_valid":0.0007377630681730807,"loss_valid":0.048339374363422394,"_runtime":2630.096773462,"loss1_valid":0.046303652226924896,"_wandb":{"runtime":2630},"loss2_valid":0.0012979571474716067}