{"_step":2999,"_wandb":{"runtime":529},"loss_train":0.07418724149465561,"loss_valid":0.481182336807251,"_timestamp":1.7272501578044224e+09,"_runtime":529.6486049}