{"_timestamp":1.7284022631592493e+09,"_runtime":953.5194232,"_step":4999,"_wandb":{"runtime":953},"loss_train":0.004541590344160795,"loss_valid":0.0425841361284256}