{"loss3_valid":0.0005936103989370167,"_step":4999,"loss_train":0.0040468922816216946,"_runtime":1028.8007604,"loss_valid":0.04409021884202957,"loss2_valid":0.00033844789140857756,"_timestamp":1.7284193995031602e+09,"_wandb":{"runtime":1028},"loss1_valid":0.043158162385225296}