{"loss_train":0.016454054042696953,"loss1_train":0.016314875334501266,"loss_valid":0.03325266018509865,"loss3_train":7.173250924097374e-05,"loss3_valid":5.987352778902277e-06,"loss1_valid":0.03323829919099808,"loss2_valid":8.374059689231217e-06,"loss2_train":6.744640995748341e-05,"_timestamp":1.7359867765919433e+09,"_runtime":55.9844161,"_wandb":{"runtime":55},"_step":999}