{"_runtime":231.8383644,"_step":1078,"loss_train":0.01231174822896719,"_wandb":{"runtime":238},"loss_valid":0.0403878428041935,"_timestamp":1.7284152323651927e+09}