{"_timestamp":1.729776316674874e+09,"loss_train":0.004110652022063732,"loss1_valid":0.03322893753647804,"_runtime":884.908359616,"loss3_valid":0.00235685589723289,"loss_valid":0.039557017385959625,"loss2_valid":0.003971222788095474,"_step":4999,"_wandb":{"runtime":884}}