{"_timestamp":1.7354924063570683e+09,"_wandb":{"runtime":63},"_runtime":63.8532748,"loss2_train":2.3225271434057504e-05,"loss2_valid":4.30924555985257e-05,"loss_train":0.01419159583747387,"loss1_train":0.014118223451077938,"loss1_valid":0.046761151403188705,"loss3_valid":4.8696740122977644e-05,"loss3_train":5.014711496187374e-05,"_step":999,"loss_valid":0.04685294255614281}