{"loss_valid":0.04734468832612038,"loss_train":0.0032075168564915657,"loss2_train":2.8086407837690786e-05,"_step":4999,"loss3_train":4.183797136647627e-05,"loss3_valid":5.934591172263026e-05,"_wandb":{"runtime":225},"_timestamp":1.7353754129471798e+09,"loss1_train":0.0031375924590975046,"loss1_valid":0.047258686274290085,"_runtime":225.0262057,"loss2_valid":2.665624560904689e-05}