{"_runtime":974.3548531,"_step":4999,"_wandb":{"runtime":974},"loss_train":0.0026796278543770313,"loss_valid":0.034995537251234055,"_timestamp":1.7284163799098113e+09}