{"_step":4999,"loss_train":0.006244799122214317,"loss_valid":0.04887951910495758,"_timestamp":1.7277913833964305e+09,"_wandb":{"runtime":1113},"_runtime":1113.7692268}