{"loss3_train":1.6532325389562175e-05,"loss2_train":1.1184557479282375e-05,"loss_valid":0.023106038570404053,"loss1_valid":0.02237331122159958,"_step":29999,"loss3_valid":0.0006391140632331371,"loss2_valid":9.361217234982178e-05,"_runtime":35193.7742913,"loss1_train":0.004243288189172745,"_timestamp":1.735937815621077e+09,"_wandb":{"runtime":35193},"loss_train":0.004271005280315876}