{"_runtime":1070.1700018,"_step":4999,"loss2_valid":0.008743749931454659,"_wandb":{"runtime":1070},"loss1_valid":0.029283711686730385,"loss_train":0.005493513308465481,"loss3_valid":0.006007286254316568,"loss_valid":0.044034749269485474,"_timestamp":1.7285038302458732e+09}