{"_step":4999,"loss3_valid":0.0005288025713525712,"loss1_valid":0.05802089348435402,"_runtime":1254.4207246,"_wandb":{"runtime":1254},"loss2_valid":0.007832908071577549,"loss_train":0.007905569858849049,"loss_valid":0.06638260930776596,"_timestamp":1.7285016353435857e+09}