{"loss3_valid":4.999403245165013e-05,"_wandb":{"runtime":852},"_timestamp":1.7355306557061012e+09,"_runtime":852.1262669,"_step":19999,"loss1_train":0.013403598219156265,"loss_train":0.0134379081428051,"loss1_valid":0.048141613602638245,"loss2_valid":2.9748131055384874e-05,"loss2_train":1.4826171536697075e-05,"loss3_train":1.9484536096570082e-05,"loss_valid":0.04822135344147682}