{"loss1_train":0.04028620198369026,"loss1_valid":0.019886663183569908,"_wandb":{"runtime":17},"loss3_train":0.00010345752525608987,"loss2_train":2.410237539152149e-05,"loss_train":0.040413763374090195,"_timestamp":1.7358996922537317e+09,"loss2_valid":0.0029792028944939375,"loss3_valid":0.00024043000303208828,"loss_valid":0.023106295615434647,"_runtime":10.9287549,"_step":7}