{"loss_train":0.01096855103969574,"loss_valid":0.03578842431306839,"_timestamp":1.7283942886235125e+09,"_runtime":996.0287494,"_step":4999,"_wandb":{"runtime":996}}