{"loss1_valid":0.026054944843053818,"loss3_valid":0.0009601208730600774,"loss3_train":2.000999120355118e-05,"_wandb":{"runtime":626},"loss_valid":0.027177834883332253,"_step":1999,"loss2_train":3.428324362175772e-06,"_timestamp":1.735985606405007e+09,"loss1_train":0.008736608549952507,"loss2_valid":0.00016276852693408728,"_runtime":626.9881382,"loss_train":0.008760047145187855}