{"_runtime":808.45008,"loss_valid":40.87636947631836,"loss1_train":0.2431141585111618,"loss2_valid":9.727865108288825e-05,"_timestamp":1.735551102325696e+09,"loss1_valid":40.874000549316406,"loss3_valid":0.0022687611635774374,"loss_train":0.24352741241455078,"loss3_train":0.0003762435808312148,"_step":19999,"loss2_train":3.702068352140486e-05,"_wandb":{"runtime":808}}