{"loss1_train":0.010853978805243969,"loss2_valid":0.00017351281712763011,"_step":2999,"loss3_train":9.53067428781651e-05,"loss_valid":0.04455585032701492,"loss1_valid":0.04421050846576691,"loss2_train":5.038099334342405e-05,"_timestamp":1.7357908086835926e+09,"loss_train":0.010999666526913643,"loss3_valid":0.0001718272833386436,"_wandb":{"runtime":144},"_runtime":144.8765484}