{"loss3_train":2.7328900614520535e-05,"loss2_valid":0.00022341893054544926,"_runtime":655.5542573,"_step":1999,"_wandb":{"runtime":655},"loss_train":0.009180133230984211,"loss1_valid":0.032441381365060806,"loss1_train":0.009133866988122463,"loss3_valid":0.0010904831578955054,"loss2_train":1.8937716959044337e-05,"_timestamp":1.7359866429716406e+09,"loss_valid":0.033755283802747726}