{"loss_valid":0.04462476819753647,"_wandb":{"runtime":1081},"_timestamp":1.7283965103677442e+09,"_runtime":1081.9492172,"_step":4999,"loss_train":0.006097808945924044}