{"_runtime":417.490132,"_timestamp":1.7301293235573187e+09,"loss2_valid":3.1150082122621825e-06,"loss1_valid":0.025084899738430977,"loss_train":0.028130099177360535,"_wandb":{"runtime":417},"_step":1999,"loss3_valid":1.1403243661334272e-05,"loss_valid":0.025099417194724083}