{"_wandb":{"runtime":423},"loss_train":0.11099190264940262,"loss_valid":0.39944446086883545,"_timestamp":1.727249243210192e+09,"_runtime":423.333211,"_step":2999}