{"_wandb":{"runtime":1102},"_step":4999,"loss_train":0.0035677978303283453,"loss_valid":0.1552954912185669,"_timestamp":1.728315421974299e+09,"_runtime":1102.0465976}