{"loss2_train":1.2664488167501986e-05,"_timestamp":1.7354927692609138e+09,"_step":1999,"loss3_train":8.808177881292067e-06,"loss2_valid":5.135944775247481e-06,"loss3_valid":8.162138328771107e-06,"loss1_valid":0.0418570339679718,"loss_train":0.022180790081620216,"_runtime":104.4371893,"loss_valid":0.04187033325433731,"_wandb":{"runtime":104},"loss1_train":0.022159317508339882}