{"loss2_valid":0.00021147970983292907,"loss1_train":0.0109999505802989,"_runtime":836.7128888,"loss3_valid":0.0008995987591333687,"loss3_train":2.610824776638765e-05,"_step":19999,"loss_train":0.011045803315937519,"loss_valid":0.04465058445930481,"_wandb":{"runtime":836},"_timestamp":1.7355443715056171e+09,"loss1_valid":0.04353950545191765,"loss2_train":1.9743771190405823e-05}