{"_step":4999,"loss3_valid":0.593898594379425,"loss1_valid":0.4926820695400238,"_wandb":{"runtime":594},"_runtime":594.4834161,"loss_valid":1.1020900011062622,"_timestamp":1.7302891795869024e+09,"loss_train":0.06377972662448883,"loss2_valid":0.015509347431361675}