{"_wandb":{"runtime":136},"_timestamp":1.7272806396419082e+09,"_runtime":136.825498,"_step":999,"loss_train":0.004309690557420254,"loss_valid":0.20344989001750946}