{"_timestamp":1.7354916532809818e+09,"loss_valid":0.2888214886188507,"_wandb":{"runtime":52},"loss2_valid":1.4770764209970366e-05,"loss3_train":3.916090281563811e-05,"loss3_valid":1.5548988812952302e-05,"loss1_valid":0.28879114985466003,"loss1_train":0.010671227239072323,"loss_train":0.010728091932833195,"_runtime":52.7601412,"_step":999,"loss2_train":1.770396193023771e-05}