{"_step":4999,"loss_valid":0.10948643833398819,"loss2_valid":0.004650603048503399,"_timestamp":1.7296269900020468e+09,"_runtime":342.398739055,"loss1_valid":0.1048307865858078,"loss_train":0.02539164386689663,"loss3_valid":5.053403583588079e-06,"_wandb":{"runtime":342}}