{"_timestamp":1.7359822942783742e+09,"loss2_train":0.00012855611566919833,"loss_train":0.04890988767147064,"loss_valid":0.10609018802642822,"_wandb":{"runtime":103},"loss3_train":0.00198546820320189,"_step":2,"loss1_train":0.046795863658189774,"_runtime":74.9771627,"loss2_valid":0.0037642575334757566,"loss1_valid":0.02945520170032978,"loss3_valid":0.07287073135375977}