{"_step":5669,"_wandb":{"runtime":658},"loss3_valid":0.0031326382886618376,"loss_train":0.008428899571299553,"loss_valid":0.048950422555208206,"loss1_valid":0.035189274698495865,"_timestamp":1.7284914097029507e+09,"_runtime":654.3921659,"loss2_valid":0.010628508403897285}