{"loss2_valid":2.7783537007053383e-05,"loss_valid":0.05094269663095474,"loss1_valid":0.05063570663332939,"loss2_train":1.178057209472172e-05,"_wandb":{"runtime":598},"_timestamp":1.7358045571138263e+09,"loss_train":0.0017518698005005717,"_runtime":598.7060442,"loss3_valid":0.0002792084706015885,"_step":9999,"loss1_train":0.001722879009321332,"loss3_train":1.7210220903507434e-05}