{"_runtime":1072.6511963,"loss3_valid":0.0009761321707628667,"_wandb":{"runtime":1072},"_step":4999,"loss1_valid":0.029781822115182877,"loss_valid":0.031436096876859665,"loss2_valid":0.000678144977428019,"loss_train":0.002790454775094986,"_timestamp":1.728475602160707e+09}