{"_timestamp":1.7282972505077374e+09,"_runtime":1267.9628553,"_step":4999,"loss_train":0.003096455242484808,"_wandb":{"runtime":1267},"loss_valid":0.04555884376168251}