{"loss_train":0.011102423071861267,"loss2_valid":7.378426380455494e-05,"_wandb":{"runtime":1102},"loss_valid":0.03674938529729843,"loss3_valid":4.888564217253588e-05,"_timestamp":1.730128599875866e+09,"_runtime":1102.3134797,"_step":4999,"loss1_valid":0.03662671521306038}