{"_timestamp":1.7358030017460063e+09,"loss_valid":0.049769312143325806,"loss3_valid":0.00022213172633200884,"_runtime":585.1985223,"_wandb":{"runtime":585},"loss1_train":0.0025028942618519068,"loss2_train":1.2587976016220637e-05,"loss_train":0.0025337126571685076,"loss1_valid":0.049478352069854736,"loss2_valid":6.883017340442166e-05,"_step":9999,"loss3_train":1.823038110160269e-05}