{"_step":1999,"loss3_valid":2.4031451175687835e-05,"loss2_valid":2.3108414097805507e-05,"_runtime":145.4026734,"loss_train":0.015672283247113228,"_timestamp":1.7353729529110384e+09,"loss3_train":0.00020626457990147173,"_wandb":{"runtime":145},"loss_valid":0.04740646481513977,"loss1_valid":0.04735932499170303,"loss2_train":0.00017467618454247713,"loss1_train":0.01529134251177311}