{"_step":1999,"loss_train":0.02133989706635475,"loss_valid":0.04656330496072769,"_timestamp":1.7277875891766477e+09,"_wandb":{"runtime":375},"_runtime":375.8087761}