{"loss2_valid":0.00038663417217321694,"loss_train":0.011605880223214626,"_step":4999,"_runtime":657.0304143,"loss3_valid":0.0008396291523240507,"loss_valid":0.045070767402648926,"loss1_valid":0.04384450614452362,"_wandb":{"runtime":657},"_timestamp":1.7294471895963852e+09}