{"_runtime":238.5233173,"loss_train":0.0034835000988096,"_step":4999,"loss3_train":2.4641456548124552e-05,"loss2_train":1.675231942499522e-05,"loss3_valid":3.7071240512887016e-05,"_timestamp":1.7353896753020864e+09,"loss_valid":0.048909302800893784,"loss2_valid":1.599184179212898e-05,"loss1_train":0.0034421063028275967,"_wandb":{"runtime":238},"loss1_valid":0.04885623976588249}