{"loss_valid":0.43907469511032104,"_timestamp":1.7273443824620118e+09,"_runtime":311.0676891,"_step":1999,"_wandb":{"runtime":311},"loss_train":0.09957492351531982}