{"_wandb":{"runtime":86},"loss3_train":6.774806388420984e-05,"loss2_train":4.7520941734546795e-05,"loss2_valid":7.848157838452607e-05,"_runtime":86.6026049,"_step":1999,"loss3_valid":7.226355228340253e-05,"_timestamp":1.7355264532516198e+09,"loss1_train":0.010394095443189144,"loss1_valid":0.04312792792916298,"loss_valid":0.04327867180109024,"loss_train":0.010509364306926727}