{"loss_valid":0.03455279767513275,"loss3_valid":0.00018543776241131127,"_runtime":1647.62153155,"_wandb":{"runtime":1647},"_step":4999,"loss1_valid":0.02824684977531433,"loss2_valid":0.006120509002357721,"_timestamp":1.7297171041511734e+09,"loss_train":0.017253385856747627}