{"_runtime":1693.283326529,"loss_valid":0.04643063247203827,"loss1_valid":0.041720446199178696,"loss3_valid":0.000447071623057127,"loss_train":0.01728607714176178,"_timestamp":1.7302234120875351e+09,"_wandb":{"runtime":1693},"loss2_valid":0.004263115115463734,"_step":4999}