{"loss_valid":0.042083047330379486,"loss2_train":1.1328688742651138e-05,"_timestamp":1.7354944903063583e+09,"loss3_valid":1.3676475646207109e-05,"loss_train":0.005525429267436266,"_step":1999,"loss2_valid":1.1705140423146077e-05,"loss1_valid":0.042057666927576065,"loss3_train":1.9477954992908053e-05,"_runtime":86.6611708,"_wandb":{"runtime":86},"loss1_train":0.005494622513651848}