{"loss3_train":9.893092283164151e-06,"_runtime":238.7835412,"loss3_valid":1.1641794117167592e-05,"loss2_train":1.528068423795048e-05,"loss1_train":0.020735984668135643,"loss2_valid":1.1573728443181608e-05,"_step":4999,"_timestamp":1.7353758156083837e+09,"loss_train":0.0207611583173275,"loss_valid":0.04709170386195183,"loss1_valid":0.04706848785281181,"_wandb":{"runtime":238}}