{"_wandb":{"runtime":1704},"loss1_valid":0.03219253569841385,"_runtime":1704.2223331,"loss_valid":0.03690837323665619,"loss_train":0.004127058666199446,"loss2_valid":0.001787637360394001,"loss3_valid":0.0029282025061547756,"_timestamp":1.7296129004526627e+09,"_step":4999}