{"loss3_valid":0.0004942395607940853,"_runtime":863.4115266,"loss_valid":0.04414330795407295,"loss1_train":0.001356063294224441,"loss2_valid":2.957366632472258e-05,"loss1_valid":0.04361949488520622,"loss_train":0.001387458760291338,"_timestamp":1.735547428727055e+09,"loss3_train":2.104255872836802e-05,"loss2_train":1.035289005812956e-05,"_step":19999,"_wandb":{"runtime":863}}