{"loss_train":1.0914397239685059,"loss2_valid":0.0003949006204493344,"loss2_train":0.0002385943807894364,"_step":5093,"loss3_valid":0.004062661901116371,"_runtime":209.3235099,"_wandb":{"runtime":214},"loss1_train":1.088301181793213,"loss3_train":0.0029000029899179935,"_timestamp":1.7355502472045608e+09,"loss1_valid":48.98937225341797,"loss_valid":48.993831634521484}