{"loss_train":0.007613607682287693,"loss_valid":0.04469824954867363,"_timestamp":1.7272522839343e+09,"_runtime":453.3662277,"_step":2999,"_wandb":{"runtime":453}}