{"loss_valid":0.06573894619941711,"_timestamp":1.7277858838489108e+09,"_runtime":1115.8949116,"_step":4999,"_wandb":{"runtime":1115},"loss_train":0.0068047852255403996}